{"labels_3d": [0, 0, 0, 0, 0, 0, 0, 1, 1, 1, 1, 1, 1, 1, 2, 2, 2, 2, 2, 2, 2, 3, 3, 3, 3, 3, 3, 3, 4, 4, 4, 4, 4, 4, 4, 5, 5, 5, 5, 5, 5, 5, 6, 6, 6, 6, 6, 6, 6, 7, 7, 7, 7, 7, 7, 7, 8, 8, 8, 8, 8, 8, 8, 9, 9, 9, 9, 9, 9, 9], "scores_3d": [9.629697888158262e-05, 1.989743623198592e-06, 0.0003641257353592664, 0.0001265156315639615, 1.3288649824971799e-05, 3.816626872321649e-07, 0.9964475035667419, 0.0014114597579464316, 3.6026212910655886e-05, 0.0038921674713492393, 0.00036347893183119595, 0.001241958816535771, 0.0005929793696850538, 4.303849891584832e-06, 7.20916091268009e-07, 2.2725717485627683e-07, 2.0176559701212682e-05, 3.6118294701736886e-06, 1.2746984623390745e-07, 2.4503449935764365e-07, 0.0002606424386613071, 6.209996172401588e-06, 4.00627322960645e-06, 0.0009066827478818595, 1.3744953321292996e-05, 5.822714228997938e-06, 0.0025786852929741144, 1.2507800875027897e-06, 1.7801032754505286e-06, 1.119115381698066e-06, 0.00015758593508508056, 3.0592585176236753e-07, 1.5009287608336308e-06, 0.0001277085830224678, 2.761116206784209e-07, 0.0015731195453554392, 2.693367059691809e-05, 0.0016086309915408492, 0.0032991725020110607, 0.0004091481096111238, 0.0011269979877397418, 6.618872703256784e-06, 0.8697095513343811, 7.27994556655176e-05, 0.013285061344504356, 0.24744339287281036, 0.49069714546203613, 0.0009110155515372753, 1.6358853827114217e-07, 0.0004189789469819516, 0.9929292798042297, 0.6631033420562744, 0.0004192585765849799, 0.00010267621109960601, 0.000729222665540874, 5.850199258361499e-08, 0.00028767756884917617, 1.2140420039941091e-05, 0.0007312963134609163, 0.00021087615459691733, 0.00010963849490508437, 0.07583652436733246, 1.619090994608996e-08, 3.850588257137133e-07, 1.843151039793156e-05, 4.551851816358976e-05, 7.020418593128852e-07, 1.5824109311779466e-07, 9.24526489143318e-07, 4.537016502581537e-05], "bboxes_3d": [[-2.075514793395996, 2.7922706604003906, -1.1816418170928955, 0.58071368932724, 1.0075491666793823, 1.4036328792572021, -1.060107707977295], [-1.4714033603668213, 3.30124831199646, -1.2256032228469849, 0.5178556442260742, 0.6817168593406677, 0.6934634447097778, -1.1230411529541016], [-1.7493935823440552, 3.0563790798187256, -1.161470651626587, 0.4782542288303375, 0.5851419568061829, 0.7177227735519409, -1.0998940467834473], [0.9634543061256409, 4.483072757720947, -1.3779165744781494, 0.5809383988380432, 1.3096917867660522, 1.2817786931991577, -1.07664155960083], [3.4328925609588623, 6.702928066253662, -1.0835597515106201, 0.5891761779785156, 1.215969204902649, 1.5215840339660645, -2.5170211791992188], [1.1084295511245728, 4.726933002471924, -0.43936261534690857, 0.3445337414741516, 0.7147513628005981, 1.5074684619903564, -1.1022205352783203], [0.14989575743675232, 3.0846407413482666, -1.1042859554290771, 2.269061326980591, 1.9401615858078003, 1.0869802236557007, -1.106299877166748], [-2.075514793395996, 2.7922706604003906, -1.1816418170928955, 0.58071368932724, 1.0075491666793823, 1.4036328792572021, -1.060107707977295], [-1.4714033603668213, 3.30124831199646, -1.2256032228469849, 0.5178556442260742, 0.6817168593406677, 0.6934634447097778, -1.1230411529541016], [-1.7493935823440552, 3.0563790798187256, -1.161470651626587, 0.4782542288303375, 0.5851419568061829, 0.7177227735519409, -1.0998940467834473], [0.9634543061256409, 4.483072757720947, -1.3779165744781494, 0.5809383988380432, 1.3096917867660522, 1.2817786931991577, -1.07664155960083], [3.4328925609588623, 6.702928066253662, -1.0835597515106201, 0.5891761779785156, 1.215969204902649, 1.5215840339660645, -2.5170211791992188], [1.1084295511245728, 4.726933002471924, -0.43936261534690857, 0.3445337414741516, 0.7147513628005981, 1.5074684619903564, -1.1022205352783203], [0.14989575743675232, 3.0846407413482666, -1.1042859554290771, 2.269061326980591, 1.9401615858078003, 1.0869802236557007, -1.106299877166748], [-2.075514793395996, 2.7922706604003906, -1.1816418170928955, 0.58071368932724, 1.0075491666793823, 1.4036328792572021, -1.060107707977295], [-1.4714033603668213, 3.30124831199646, -1.2256032228469849, 0.5178556442260742, 0.6817168593406677, 0.6934634447097778, -1.1230411529541016], [-1.7493935823440552, 3.0563790798187256, -1.161470651626587, 0.4782542288303375, 0.5851419568061829, 0.7177227735519409, -1.0998940467834473], [0.9634543061256409, 4.483072757720947, -1.3779165744781494, 0.5809383988380432, 1.3096917867660522, 1.2817786931991577, -1.07664155960083], [3.4328925609588623, 6.702928066253662, -1.0835597515106201, 0.5891761779785156, 1.215969204902649, 1.5215840339660645, -2.5170211791992188], [1.1084295511245728, 4.726933002471924, -0.43936261534690857, 0.3445337414741516, 0.7147513628005981, 1.5074684619903564, -1.1022205352783203], [0.14989575743675232, 3.0846407413482666, -1.1042859554290771, 2.269061326980591, 1.9401615858078003, 1.0869802236557007, -1.106299877166748], [-2.075514793395996, 2.7922706604003906, -1.1816418170928955, 0.58071368932724, 1.0075491666793823, 1.4036328792572021, -1.060107707977295], [-1.4714033603668213, 3.30124831199646, -1.2256032228469849, 0.5178556442260742, 0.6817168593406677, 0.6934634447097778, -1.1230411529541016], [-1.7493935823440552, 3.0563790798187256, -1.161470651626587, 0.4782542288303375, 0.5851419568061829, 0.7177227735519409, -1.0998940467834473], [0.9634543061256409, 4.483072757720947, -1.3779165744781494, 0.5809383988380432, 1.3096917867660522, 1.2817786931991577, -1.07664155960083], [3.4328925609588623, 6.702928066253662, -1.0835597515106201, 0.5891761779785156, 1.215969204902649, 1.5215840339660645, -2.5170211791992188], [1.1084295511245728, 4.726933002471924, -0.43936261534690857, 0.3445337414741516, 0.7147513628005981, 1.5074684619903564, -1.1022205352783203], [0.14989575743675232, 3.0846407413482666, -1.1042859554290771, 2.269061326980591, 1.9401615858078003, 1.0869802236557007, -1.106299877166748], [-2.075514793395996, 2.7922706604003906, -1.1816418170928955, 0.58071368932724, 1.0075491666793823, 1.4036328792572021, -1.060107707977295], [-1.4714033603668213, 3.30124831199646, -1.2256032228469849, 0.5178556442260742, 0.6817168593406677, 0.6934634447097778, -1.1230411529541016], [-1.7493935823440552, 3.0563790798187256, -1.161470651626587, 0.4782542288303375, 0.5851419568061829, 0.7177227735519409, -1.0998940467834473], [0.9634543061256409, 4.483072757720947, -1.3779165744781494, 0.5809383988380432, 1.3096917867660522, 1.2817786931991577, -1.07664155960083], [3.4328925609588623, 6.702928066253662, -1.0835597515106201, 0.5891761779785156, 1.215969204902649, 1.5215840339660645, -2.5170211791992188], [1.1084295511245728, 4.726933002471924, -0.43936261534690857, 0.3445337414741516, 0.7147513628005981, 1.5074684619903564, -1.1022205352783203], [0.14989575743675232, 3.0846407413482666, -1.1042859554290771, 2.269061326980591, 1.9401615858078003, 1.0869802236557007, -1.106299877166748], [-2.075514793395996, 2.7922706604003906, -1.1816418170928955, 0.58071368932724, 1.0075491666793823, 1.4036328792572021, -1.060107707977295], [-1.4714033603668213, 3.30124831199646, -1.2256032228469849, 0.5178556442260742, 0.6817168593406677, 0.6934634447097778, -1.1230411529541016], [-1.7493935823440552, 3.0563790798187256, -1.161470651626587, 0.4782542288303375, 0.5851419568061829, 0.7177227735519409, -1.0998940467834473], [0.9634543061256409, 4.483072757720947, -1.3779165744781494, 0.5809383988380432, 1.3096917867660522, 1.2817786931991577, -1.07664155960083], [3.4328925609588623, 6.702928066253662, -1.0835597515106201, 0.5891761779785156, 1.215969204902649, 1.5215840339660645, -2.5170211791992188], [1.1084295511245728, 4.726933002471924, -0.43936261534690857, 0.3445337414741516, 0.7147513628005981, 1.5074684619903564, -1.1022205352783203], [0.14989575743675232, 3.0846407413482666, -1.1042859554290771, 2.269061326980591, 1.9401615858078003, 1.0869802236557007, -1.106299877166748], [-2.075514793395996, 2.7922706604003906, -1.1816418170928955, 0.58071368932724, 1.0075491666793823, 1.4036328792572021, -1.060107707977295], 